,traditional_beta,positive_beta,negative_beta,beta_ratio,data_points,positive_days,negative_days,sector
AFL,0.36971749190471587,0.3242439070770178,0.5411986017508275,0.5991218492214481,1195,652,541,Financials
LHX,0.6251826439852263,0.5684113298573672,0.8518952111017501,0.6672315121037536,1195,652,541,Industrials
KHC,0.6251826439852263,0.5684113298573672,0.8518952111017501,0.6672315121037536,1195,652,541,Consumer Staples
CL,0.31698363009151914,0.2380921204201174,0.3414815221282181,0.6972328076091905,1195,652,541,Consumer Staples
CMCSA,0.31698363009151914,0.2380921204201174,0.3414815221282181,0.6972328076091905,1195,652,541,Communication Services
COIN,0.31698363009151914,0.2380921204201174,0.3414815221282181,0.6972328076091905,1195,652,541,Financials
TPL,0.9795622083367267,0.8874391562160326,1.2686635168660285,0.6995071147062446,1195,652,541,Energy
TMO,0.9795622083367267,0.8874391562160326,1.2686635168660285,0.6995071147062446,1195,652,541,Health Care
TXT,0.9795622083367267,0.8874391562160326,1.2686635168660285,0.6995071147062446,1195,652,541,Industrials
DDOG,0.6935233269725003,0.5858543533223999,0.8163278389925231,0.7176704325622856,1195,652,541,Information Technology
DVA,0.6935233269725003,0.5858543533223999,0.8163278389925231,0.7176704325622856,1195,652,541,Health Care
CBOE,1.3088086397801244,1.0777932974586262,1.4485753209033978,0.7440367662666412,1195,652,541,Financials
CBRE,1.3088086397801244,1.0777932974586262,1.4485753209033978,0.7440367662666412,1195,652,541,Real Estate
D,0.9535575412250684,0.9446951605939059,1.2570035574185652,0.7515453357458838,1195,652,541,Utilities
DPZ,0.9535575412250684,0.9446951605939059,1.2570035574185652,0.7515453357458838,1195,652,541,Consumer Discretionary
DLTR,0.9535575412250684,0.9446951605939059,1.2570035574185652,0.7515453357458838,1195,652,541,Consumer Staples
SWKS,1.0156989473043494,0.8908482556214887,1.1724316399746568,0.7598295928287514,1195,652,541,Information Technology
SHW,1.0156989473043494,0.8908482556214887,1.1724316399746568,0.7598295928287514,1195,652,541,Materials
OKE,0.8721603476419502,0.8703575265708129,1.1273334277431173,0.7720497815036308,1195,652,541,Energy
OMC,0.8721603476419502,0.8703575265708129,1.1273334277431173,0.7720497815036308,1195,652,541,Communication Services
PSKY,0.9411794147312864,0.892279871511945,1.147150124837878,0.7778231045723395,1195,652,541,Communication Services
GEN,0.7612468779224696,0.5985443021196167,0.7655227041002832,0.7818766170013001,1195,652,541,Information Technology
GD,0.7612468779224696,0.5985443021196167,0.7655227041002832,0.7818766170013001,1195,652,541,Industrials
POOL,0.34583726936694686,0.3152238665861924,0.40180393023291855,0.7845216108350727,1195,652,541,Consumer Discretionary
PM,0.34583726936694686,0.3152238665861924,0.40180393023291855,0.7845216108350727,1195,652,541,Consumer Staples
PNC,0.34583726936694686,0.3152238665861924,0.40180393023291855,0.7845216108350727,1195,652,541,Financials
EXE,0.7195895646578454,0.6633339592606218,0.8406568337754441,0.7890662784260566,1169,635,532,Energy
RMD,0.6186726248934112,0.477144786950864,0.5972255923276826,0.7989356000153903,1195,652,541,Health Care
RSG,0.6186726248934112,0.477144786950864,0.5972255923276826,0.7989356000153903,1195,652,541,Industrials
RVTY,0.6186726248934112,0.477144786950864,0.5972255923276826,0.7989356000153903,1195,652,541,Health Care
AMZN,1.4630935770145168,1.32762080241319,1.6588133793238897,0.8003436787773622,1195,652,541,Consumer Discretionary
MO,1.4630935770145168,1.32762080241319,1.6588133793238897,0.8003436787773622,1195,652,541,Consumer Staples
GOOG,1.4630935770145168,1.32762080241319,1.6588133793238897,0.8003436787773622,1195,652,541,Communication Services
AIZ,1.5186129411681673,1.272627730825813,1.5851989437887053,0.8028189368989664,1195,652,541,Financials
ADM,1.5186129411681673,1.272627730825813,1.5851989437887053,0.8028189368989664,1195,652,541,Consumer Staples
DHI,1.073012147464657,1.1068844636648785,1.3677059468226274,0.8093000299050583,1195,652,541,Consumer Discretionary
DTE,1.073012147464657,1.1068844636648785,1.3677059468226274,0.8093000299050583,1195,652,541,Utilities
DUK,1.073012147464657,1.1068844636648785,1.3677059468226274,0.8093000299050583,1195,652,541,Utilities
DAY,1.5963317075813575,1.3941103018086216,1.7190048302107075,0.8109984784846347,1195,652,541,Industrials
ATO,0.5389367287368395,0.6253144497106194,0.7616522481971566,0.8209973136569203,1195,652,541,Utilities
ADP,0.5389367287368395,0.6253144497106194,0.7616522481971566,0.8209973136569203,1195,652,541,Industrials
IFF,0.6866612596086382,0.607740427819518,0.7384479241577104,0.822997002141647,1195,652,541,Materials
IBKR,0.6866612596086382,0.607740427819518,0.7384479241577104,0.822997002141647,1195,652,541,Financials
ICE,0.6866612596086382,0.607740427819518,0.7384479241577104,0.822997002141647,1195,652,541,Financials
O,0.6174503256089221,0.6056874923555725,0.7337025644304219,0.825521841845778,1195,652,541,Real Estate
V,0.26156615888214546,0.23175682557118313,0.2806362560689992,0.825826387571967,1195,652,541,Financials
VICI,0.26156615888214546,0.23175682557118313,0.2806362560689992,0.825826387571967,1195,652,541,Real Estate
VST,0.26156615888214546,0.23175682557118313,0.2806362560689992,0.825826387571967,1195,652,541,Utilities
NVDA,0.45500030469100106,0.4532962309778213,0.5482195318732037,0.8268516618314559,1195,652,541,Information Technology
NUE,0.45500030469100106,0.4532962309778213,0.5482195318732037,0.8268516618314559,1195,652,541,Materials
VZ,0.7976246718323108,0.7261244733543077,0.876288499292546,0.8286363154834621,1195,652,541,Communication Services
VRSK,0.7976246718323108,0.7261244733543077,0.876288499292546,0.8286363154834621,1195,652,541,Industrials
VRSN,0.7976246718323108,0.7261244733543077,0.876288499292546,0.8286363154834621,1195,652,541,Information Technology
HOOD,0.4521423816676818,0.40968275476005106,0.4883858717402467,0.838850545164716,1195,652,541,Financials
ROK,0.4521423816676818,0.40968275476005106,0.4883858717402467,0.838850545164716,1195,652,541,Industrials
ROL,0.4521423816676818,0.40968275476005106,0.4883858717402467,0.838850545164716,1195,652,541,Industrials
WMT,0.5609850235926915,0.4905065003290992,0.5834878755725772,0.8406455744222016,1195,652,541,Consumer Staples
DIS,0.5609850235926915,0.4905065003290992,0.5834878755725772,0.8406455744222016,1195,652,541,Communication Services
WAB,0.5609850235926915,0.4905065003290992,0.5834878755725772,0.8406455744222016,1195,652,541,Industrials
MRK,0.8145991412741217,0.865465692367931,1.0253662545882376,0.8440551739392683,1195,652,541,Health Care
MDT,0.8145991412741217,0.865465692367931,1.0253662545882376,0.8440551739392683,1195,652,541,Health Care
APP,2.1496286655639225,1.9504170512606704,2.3065194982317583,0.8456104761984081,1125,610,513,Information Technology
APTV,2.1496286655639225,1.9504170512606704,2.3065194982317583,0.8456104761984081,1125,610,513,Consumer Discretionary
ACGL,2.1496286655639225,1.9504170512606704,2.3065194982317583,0.8456104761984081,1125,610,513,Financials
LW,0.28376626727843635,0.30472433824408546,0.35802243122526,0.8511319729359624,1195,652,541,Consumer Staples
LH,0.28376626727843635,0.30472433824408546,0.35802243122526,0.8511319729359624,1195,652,541,Health Care
LRCX,0.28376626727843635,0.30472433824408546,0.35802243122526,0.8511319729359624,1195,652,541,Information Technology
EBAY,0.9229563212592202,0.8115264677535672,0.9526477532833231,0.8518641491113814,1195,652,541,Consumer Discretionary
AIG,0.27436620336947853,0.26428523231769596,0.30947760085596593,0.8539720858205083,1195,652,541,Financials
AXP,0.27436620336947853,0.26428523231769596,0.30947760085596593,0.8539720858205083,1195,652,541,Financials
AMT,0.27436620336947853,0.26428523231769596,0.30947760085596593,0.8539720858205083,1195,652,541,Real Estate
KMI,0.34719870724427404,0.3512365504437232,0.40995415841118016,0.8567703076972725,1195,652,541,Energy
KMB,0.34719870724427404,0.3512365504437232,0.40995415841118016,0.8567703076972725,1195,652,541,Consumer Staples
EXPD,0.38264729570042166,0.35121974745952267,0.4077919803229634,0.8612718356583752,1195,652,541,Industrials
DECK,1.4020481971734782,1.3125199903914937,1.5132263704766475,0.8673652640470878,1195,652,541,Consumer Discretionary
DAL,1.4020481971734782,1.3125199903914937,1.5132263704766475,0.8673652640470878,1195,652,541,Industrials
DE,1.4020481971734782,1.3125199903914937,1.5132263704766475,0.8673652640470878,1195,652,541,Industrials
EQR,0.4507555409914822,0.4565136982399633,0.5251457078646642,0.8693086345430283,1195,652,541,Real Estate
TDY,1.2715960325309055,1.2713601760188795,1.4559842347327963,0.8731963888690051,1195,652,541,Information Technology
TXN,1.2715960325309055,1.2713601760188795,1.4559842347327963,0.8731963888690051,1195,652,541,Information Technology
TSLA,1.2715960325309055,1.2713601760188795,1.4559842347327963,0.8731963888690051,1195,652,541,Consumer Discretionary
PKG,1.0852097812391128,0.9582989286059839,1.0937139510857334,0.8761878987231326,1195,652,541,Materials
PAYX,1.0852097812391128,0.9582989286059839,1.0937139510857334,0.8761878987231326,1195,652,541,Industrials
REGN,1.0457146823100585,1.000199819270187,1.1376950616663615,0.8791457860467571,1195,652,541,Health Care
RF,1.0457146823100585,1.000199819270187,1.1376950616663615,0.8791457860467571,1195,652,541,Financials
REG,1.0457146823100585,1.000199819270187,1.1376950616663615,0.8791457860467571,1195,652,541,Real Estate
DRI,0.7791502392259455,0.7360233036126171,0.8350766750760428,0.8813840999038732,1195,652,541,Consumer Discretionary
DHR,0.7791502392259455,0.7360233036126171,0.8350766750760428,0.8813840999038732,1195,652,541,Health Care
CB,0.5098671468718705,0.49765248902498455,0.5625352270383011,0.8846601334552532,1195,652,541,Financials
CI,0.5098671468718705,0.49765248902498455,0.5625352270383011,0.8846601334552532,1195,652,541,Health Care
CHD,0.5098671468718705,0.49765248902498455,0.5625352270383011,0.8846601334552532,1195,652,541,Consumer Staples
NWS,1.2937403073391893,1.182712249390624,1.3341334262524962,0.8865022239288273,1195,652,541,Communication Services
NWSA,1.2937403073391893,1.182712249390624,1.3341334262524962,0.8865022239288273,1195,652,541,Communication Services
NEM,1.2937403073391893,1.182712249390624,1.3341334262524962,0.8865022239288273,1195,652,541,Materials
CNP,0.44075005975829457,0.4497495188869954,0.5055164362851946,0.8896832755666574,1195,652,541,Utilities
CF,0.44075005975829457,0.4497495188869954,0.5055164362851946,0.8896832755666574,1195,652,541,Materials
TECH,1.1482168778192263,1.0406766227887327,1.167560139742908,0.8913259260614065,1195,652,541,Health Care
BBY,1.1482168778192263,1.0406766227887327,1.167560139742908,0.8913259260614065,1195,652,541,Consumer Discretionary
BRK.B,1.1482168778192263,1.0406766227887327,1.167560139742908,0.8913259260614065,1195,652,541,Financials
LNT,1.517385590188588,1.4248940437629465,1.5848096962698894,0.8990947286079012,1195,652,541,Utilities
GOOGL,1.517385590188588,1.4248940437629465,1.5848096962698894,0.8990947286079012,1195,652,541,Communication Services
ALL,1.517385590188588,1.4248940437629465,1.5848096962698894,0.8990947286079012,1195,652,541,Financials
STE,0.19243821622915455,0.2675899874133279,0.2958078480588654,0.9046074645053969,1195,652,541,Health Care
STLD,0.19243821622915455,0.2675899874133279,0.2958078480588654,0.9046074645053969,1195,652,541,Materials
STT,0.19243821622915455,0.2675899874133279,0.2958078480588654,0.9046074645053969,1195,652,541,Financials
VTRS,0.6250916185097459,0.6364431504825369,0.7026138311140756,0.9058221206283151,1195,652,541,Health Care
VRTX,0.6250916185097459,0.6364431504825369,0.7026138311140756,0.9058221206283151,1195,652,541,Health Care
PSX,0.7905934943935945,0.8814250313106305,0.9730387655389586,0.9058478064051395,1195,652,541,Energy
PNW,0.7905934943935945,0.8814250313106305,0.9730387655389586,0.9058478064051395,1195,652,541,Utilities
CHRW,1.1577731975017056,1.1883977476910517,1.308959816499511,0.9078947517801785,1195,652,541,Industrials
T,0.6638078276031953,0.6164262296682754,0.6762241949592754,0.9115707989498938,1195,652,541,Communication Services
CPT,0.6638078276031953,0.6164262296682754,0.6762241949592754,0.9115707989498938,1195,652,541,Real Estate
CDNS,0.6638078276031953,0.6164262296682754,0.6762241949592754,0.9115707989498938,1195,652,541,Information Technology
KMX,0.6638076762124211,0.6164265481210908,0.6762244715819886,0.9115708969818794,1195,652,541,Consumer Discretionary
CCL,0.6638076762124211,0.6164265481210908,0.6762244715819886,0.9115708969818794,1195,652,541,Consumer Discretionary
NDAQ,1.1021972419941213,1.0191851106592953,1.1143891681452498,0.9145683929749525,1195,652,541,Financials
NFLX,1.1021972419941213,1.0191851106592953,1.1143891681452498,0.9145683929749525,1195,652,541,Communication Services
NTAP,1.1021966063169073,1.019184717836847,1.1143871075841136,0.9145697315597481,1195,652,541,Information Technology
RTX,1.1021966063169073,1.019184717836847,1.1143871075841136,0.9145697315597481,1195,652,541,Industrials
RJF,1.1021966063169073,1.019184717836847,1.1143871075841136,0.9145697315597481,1195,652,541,Financials
CRWD,1.030133377941114,0.9674168467488484,1.0544439323449044,0.9174663697836237,1195,652,541,Information Technology
CSX,1.030133377941114,0.9674168467488484,1.0544439323449044,0.9174663697836237,1195,652,541,Industrials
CCI,1.030133377941114,0.9674168467488484,1.0544439323449044,0.9174663697836237,1195,652,541,Real Estate
GRMN,0.37238128016226957,0.4002059223115227,0.4336046483860186,0.922974243475447,1195,652,541,Consumer Discretionary
GE,0.37238128016226957,0.4002059223115227,0.4336046483860186,0.922974243475447,1195,652,541,Industrials
GEHC,0.37238128016226957,0.4002059223115227,0.4336046483860186,0.922974243475447,1195,652,541,Health Care
SNPS,0.5350746096693815,0.5397521983185731,0.5847919515129693,0.922981578187132,1195,652,541,Information Technology
TMUS,0.5350746096693815,0.5397521983185731,0.5847919515129693,0.922981578187132,1195,652,541,Communication Services
SYY,0.5350746096693815,0.5397521983185731,0.5847919515129693,0.922981578187132,1195,652,541,Consumer Staples
WBD,0.7738238165579809,0.6995950106157525,0.7576001072881032,0.9234357332920857,1195,652,541,Communication Services
WM,0.7738238165579809,0.6995950106157525,0.7576001072881032,0.9234357332920857,1195,652,541,Industrials
WAT,0.7738238165579809,0.6995950106157525,0.7576001072881032,0.9234357332920857,1195,652,541,Health Care
ROST,0.7676310127499896,0.7345235843580294,0.793891084413023,0.9252195909229942,1195,652,541,Consumer Discretionary
RCL,0.7676310127499896,0.7345235843580294,0.793891084413023,0.9252195909229942,1195,652,541,Consumer Discretionary
ROP,0.7676310127499896,0.7345235843580294,0.793891084413023,0.9252195909229942,1195,652,541,Information Technology
LLY,0.9117508548924215,0.8594207888742086,0.9287687112479578,0.9253334855772989,1195,652,541,Health Care
LII,0.9117508548924215,0.8594207888742086,0.9287687112479578,0.9253334855772989,1195,652,541,Industrials
LIN,0.9117508548924215,0.8594207888742086,0.9287687112479578,0.9253334855772989,1195,652,541,Materials
TGT,0.6331105157212911,0.6318368142402905,0.6824445931286436,0.9258433880231309,1195,652,541,Consumer Staples
TPR,0.6331105157212911,0.6318368142402905,0.6824445931286436,0.9258433880231309,1195,652,541,Consumer Discretionary
TRGP,0.6331105157212911,0.6318368142402905,0.6824445931286436,0.9258433880231309,1195,652,541,Energy
DELL,1.3142661142683891,1.2138426167718521,1.307239940577791,0.9285538018639042,1195,652,541,Information Technology
AKAM,0.6237038953860609,0.6525485087629912,0.7025365139713973,0.928846395576186,1195,652,541,Information Technology
ALB,0.6237038953860609,0.6525485087629912,0.7025365139713973,0.928846395576186,1195,652,541,Materials
ABNB,0.6237038953860609,0.6525485087629912,0.7025365139713973,0.928846395576186,1195,652,541,Consumer Discretionary
BF.B,0.7190388032377125,0.7980765047864018,0.858558976215323,0.9295535040638229,1195,652,541,Consumer Staples
BR,0.7190388032377125,0.7980765047864018,0.858558976215323,0.9295535040638229,1195,652,541,Industrials
BRO,0.7190388032377125,0.7980765047864018,0.858558976215323,0.9295535040638229,1195,652,541,Financials
BAX,0.6999809309182917,0.6906482432447478,0.7402046609485035,0.9330503841461175,1195,652,541,Health Care
BAC,0.6999809309182917,0.6906482432447478,0.7402046609485035,0.9330503841461175,1195,652,541,Financials
BALL,0.6999809309182917,0.6906482432447478,0.7402046609485035,0.9330503841461175,1195,652,541,Materials
CSCO,0.22418937463353106,0.24933978740786586,0.2670541388561147,0.9336675644716629,1195,652,541,Information Technology
HRL,1.050671977617892,1.0090091251583528,1.080247877131317,0.9340533284248201,1195,652,541,Consumer Staples
CPAY,0.5546252238561278,0.5604495874044433,0.5994986378072938,0.9348638212996195,1195,652,541,Financials
IP,1.0749979636750882,1.1167698610533288,1.1843603931522293,0.9429307730233993,1195,652,541,Materials
INTU,1.0749979636750882,1.1167698610533288,1.1843603931522293,0.9429307730233993,1195,652,541,Information Technology
IPG,1.0749979636750882,1.1167698610533288,1.1843603931522293,0.9429307730233993,1195,652,541,Communication Services
FITB,0.32510621466758355,0.3294480835850735,0.34927547166617934,0.9432328070834132,1195,652,541,Financials
FE,0.32510621466758355,0.3294480835850735,0.34927547166617934,0.9432328070834132,1195,652,541,Utilities
EMN,0.3646144706016114,0.35050951064687663,0.371251923197184,0.9441284711155816,1195,652,541,Materials
DD,0.3646144706016114,0.35050951064687663,0.371251923197184,0.9441284711155816,1195,652,541,Materials
BA,1.6352631465890608,1.5942382684496612,1.687624805105098,0.944663922707855,1195,652,541,Industrials
BK,1.6352631465890608,1.5942382684496612,1.687624805105098,0.944663922707855,1195,652,541,Financials
MTD,0.9274943637227256,0.9444338514095556,0.9979265268721718,0.946396178453859,1195,652,541,Health Care
META,0.9274943637227256,0.9444338514095556,0.9979265268721718,0.946396178453859,1195,652,541,Communication Services
MGM,0.9274943637227256,0.9444338514095556,0.9979265268721718,0.946396178453859,1195,652,541,Consumer Discretionary
FAST,1.0843270105458143,1.0503658483951492,1.1086521098129123,0.9474260131723387,1195,652,541,Industrials
FICO,1.0843270105458143,1.0503658483951492,1.1086521098129123,0.9474260131723387,1195,652,541,Information Technology
LMT,1.1390644720128715,1.0829500489534134,1.140745139167543,0.9493356682139312,1195,652,541,Industrials
L,1.1390644720128715,1.0829500489534134,1.140745139167543,0.9493356682139312,1195,652,541,Financials
LKQ,1.1390644720128715,1.0829500489534134,1.140745139167543,0.9493356682139312,1195,652,541,Consumer Discretionary
MOH,1.2509311773698137,1.2967275509482659,1.363349713062381,0.9511334755303045,1195,652,541,Health Care
MDLZ,1.2509311773698137,1.2967275509482659,1.363349713062381,0.9511334755303045,1195,652,541,Consumer Staples
HAL,0.9798496927575882,0.9430711623643594,0.9912390364019338,0.9514063991946712,1195,652,541,Energy
HAS,0.9798496927575882,0.9430711623643594,0.9912390364019338,0.9514063991946712,1195,652,541,Consumer Discretionary
HIG,0.9798496927575882,0.9430711623643594,0.9912390364019338,0.9514063991946712,1195,652,541,Financials
SPGI,1.1033700976834349,1.0459415701721178,1.0985379634176755,0.9521214605256568,1195,652,541,Financials
SBAC,1.1033700976834349,1.0459415701721178,1.0985379634176755,0.9521214605256568,1195,652,541,Real Estate
MHK,1.7121520582434517,1.6525665344702114,1.7262704277862178,0.9573045496640264,1195,652,541,Consumer Discretionary
SYK,1.0699118313031397,1.0898300288031149,1.1372966265872146,0.9582636607948649,1195,652,541,Health Care
SYF,1.0699118313031397,1.0898300288031149,1.1372966265872146,0.9582636607948649,1195,652,541,Financials
SMCI,1.0699118313031397,1.0898300288031149,1.1372966265872146,0.9582636607948649,1195,652,541,Information Technology
APA,0.5339603291586429,0.5231726996507133,0.5459031086932413,0.95836182523866,1195,652,541,Energy
SRE,1.2556921901846014,1.1209006894841955,1.1666491222547914,0.9607864679294683,1195,652,541,Utilities
TRV,1.0152453053610304,1.0122626588630732,1.0532537412941616,0.9610814746494786,1195,652,541,Financials
TRMB,1.0152453053610304,1.0122626588630732,1.0532537412941616,0.9610814746494786,1195,652,541,Information Technology
TT,1.0152453053610304,1.0122626588630732,1.0532537412941616,0.9610814746494786,1195,652,541,Industrials
EPAM,0.8585759715869521,0.8100661504659044,0.8413797387878257,0.9627830492245574,1195,652,541,Information Technology
ETR,0.8585759715869521,0.8100661504659044,0.8413797387878257,0.9627830492245574,1195,652,541,Utilities
EOG,0.8585759715869521,0.8100661504659044,0.8413797387878257,0.9627830492245574,1195,652,541,Energy
IT,1.1216423721698814,1.1043740817247851,1.1456926115825607,0.9639357630135174,1195,652,541,Information Technology
CFG,1.0553590157471484,1.0556872276305818,1.0936209402751915,0.9653136555385777,1195,652,541,Financials
CTSH,1.0553590157471484,1.0556872276305818,1.0936209402751915,0.9653136555385777,1195,652,541,Information Technology
KO,1.0553590157471484,1.0556872276305818,1.0936209402751915,0.9653136555385777,1195,652,541,Consumer Staples
GPC,1.182427184124218,1.204666055515938,1.2466390731805919,0.9663310587902827,1195,652,541,Consumer Discretionary
GPN,1.182427184124218,1.204666055515938,1.2466390731805919,0.9663310587902827,1195,652,541,Financials
GILD,1.182427184124218,1.204666055515938,1.2466390731805919,0.9663310587902827,1195,652,541,Health Care
AMAT,1.1778057754917897,1.223488424875642,1.2652684605642492,0.9669793115130876,1195,652,541,Information Technology
KR,1.6479594707397127,1.6485390371637427,1.703543077730333,0.9677119755375524,1195,652,541,Consumer Staples
IEX,1.1500637440059536,1.0907261657548357,1.1260090245036527,0.968665563080749,1195,652,541,Industrials
IRM,1.3998447648933112,1.336992638524534,1.376931359189063,0.9709943996859431,1195,652,541,Real Estate
IQV,1.3998447648933112,1.336992638524534,1.376931359189063,0.9709943996859431,1195,652,541,Health Care
JBHT,1.3998447648933112,1.336992638524534,1.376931359189063,0.9709943996859431,1195,652,541,Industrials
BDX,0.37718148420278536,0.41512892194668094,0.42747486081110453,0.9711189124876303,1195,652,541,Health Care
UNP,1.407000862176537,1.4320698238478,1.4741771472240475,0.9714367276310464,1195,652,541,Industrials
UAL,1.407000862176537,1.4320698238478,1.4741771472240475,0.9714367276310464,1195,652,541,Industrials
UPS,1.407000862176537,1.4320698238478,1.4741771472240475,0.9714367276310464,1195,652,541,Industrials
INCY,0.592772858949409,0.5850682057284423,0.6021096208198219,0.9716971552984384,1195,652,541,Health Care
IR,0.592772858949409,0.5850682057284423,0.6021096208198219,0.9716971552984384,1195,652,541,Industrials
ITW,0.592772858949409,0.5850682057284423,0.6021096208198219,0.9716971552984384,1195,652,541,Industrials
HCA,0.42133068624911674,0.44004224117590207,0.45267163764833807,0.9721003141746485,1195,652,541,Health Care
HSIC,0.42133068624911674,0.44004224117590207,0.45267163764833807,0.9721003141746485,1195,652,541,Health Care
GNRC,1.7660587447205722,1.6143431475502716,1.6580434293341286,0.9736434637291695,383,224,159,Industrials
USB,1.0635088346265094,1.0451691652156108,1.073257500252938,0.9738288947147281,1195,652,541,Financials
TSN,1.0635088346265094,1.0451691652156108,1.073257500252938,0.9738288947147281,1195,652,541,Consumer Staples
WSM,0.9164796015564524,0.9238936362306247,0.948693703525342,0.9738587204673539,1195,652,541,Consumer Discretionary
WDC,0.9164796015564524,0.9238936362306247,0.948693703525342,0.9738587204673539,1195,652,541,Information Technology
WST,0.9164796015564524,0.9238936362306247,0.948693703525342,0.9738587204673539,1195,652,541,Health Care
PLD,0.9910382269224113,0.9535055780859716,0.978547966037314,0.9744086250030717,1195,652,541,Real Estate
PRU,0.9910382269224113,0.9535055780859716,0.978547966037314,0.9744086250030717,1195,652,541,Financials
PEG,0.9910382269224113,0.9535055780859716,0.978547966037314,0.9744086250030717,1195,652,541,Utilities
BG,0.9021029641947869,0.9162723064194795,0.9365677180553,0.978330011546883,1195,652,541,Consumer Staples
BXP,0.9021029641947869,0.9162723064194795,0.9365677180553,0.978330011546883,1195,652,541,Real Estate
BLDR,0.9021029641947869,0.9162723064194795,0.9365677180553,0.978330011546883,1195,652,541,Industrials
WTW,1.3471728449248586,1.2899372039052817,1.3177914354719331,0.9788629438491713,1195,652,541,Financials
NOW,1.5321300170404577,1.540108381973798,1.5730887221307397,0.97903465984279,1195,652,541,Information Technology
PH,1.9969119369682258,1.8186493736222693,1.857348395880164,0.979164370915153,1195,652,541,Industrials
MCD,0.9444491200127841,0.9139671505353799,0.933169578893555,0.9794223592447762,1195,652,541,Consumer Discretionary
MCK,0.9444491200127841,0.9139671505353799,0.933169578893555,0.9794223592447762,1195,652,541,Health Care
NKE,0.8568618122771444,0.8636970402142138,0.880948317890066,0.9804173782666726,1195,652,541,Consumer Discretionary
NEE,0.8568618122771444,0.8636970402142138,0.880948317890066,0.9804173782666726,1195,652,541,Utilities
PANW,0.7276546665954394,0.7004779515507833,0.7138528495208417,0.9812637884978171,1195,652,541,Information Technology
PLTR,0.7276546665954394,0.7004779515507833,0.7138528495208417,0.9812637884978171,1195,652,541,Information Technology
AMD,1.0146980356667603,1.0072777045446626,1.0262605166594685,0.9815029304872841,1195,652,541,Information Technology
MTCH,1.1013857797199496,1.084145248693212,1.1033116364269642,0.9826283099888061,1195,652,541,Communication Services
MSFT,1.4228237554769774,1.4499155815488076,1.4719478107628072,0.9850319222917409,1195,652,541,Information Technology
MU,1.4228237554769774,1.4499155815488076,1.4719478107628072,0.9850319222917409,1195,652,541,Information Technology
AEE,1.2458699634202257,1.218461973324411,1.2303755284758047,0.9903171390557872,1195,652,541,Utilities
AMCR,1.2458699634202257,1.218461973324411,1.2303755284758047,0.9903171390557872,1195,652,541,Materials
AEP,1.2458699634202257,1.218461973324411,1.2303755284758047,0.9903171390557872,1195,652,541,Utilities
PSA,1.0499135280860046,1.0846185328359088,1.0936797851073343,0.9917148946201504,1195,652,541,Real Estate
PTC,1.0499135280860046,1.0846185328359088,1.0936797851073343,0.9917148946201504,1195,652,541,Information Technology
PHM,1.0499135280860046,1.0846185328359088,1.0936797851073343,0.9917148946201504,1195,652,541,Consumer Discretionary
WY,1.4916600649034077,1.3571406891151945,1.3669977843784815,0.9927892383031414,1195,652,541,Real Estate
JCI,0.9522697722822379,0.987131557720934,0.9934747220772209,0.9936151728722155,1195,652,541,Industrials
JPM,0.9522697722822379,0.987131557720934,0.9934747220772209,0.9936151728722155,1195,652,541,Financials
JNJ,0.9522697722822379,0.987131557720934,0.9934747220772209,0.9936151728722155,1195,652,541,Health Care
APH,0.3668530128351274,0.4072960268656945,0.4098797236635277,0.9936964513034702,1195,652,541,Information Technology
AMGN,0.3668530128351274,0.4072960268656945,0.4098797236635277,0.9936964513034702,1195,652,541,Health Care
ADI,0.3668530128351274,0.4072960268656945,0.4098797236635277,0.9936964513034702,1195,652,541,Information Technology
IDXX,1.0934851000579449,1.0884209593035359,1.0894536686417298,0.9990520851249403,1195,652,541,Health Care
HBAN,1.0934851000579449,1.0884209593035359,1.0894536686417298,0.9990520851249403,1195,652,541,Financials
EXPE,0.7677541591507518,0.7696151978518919,0.7695974369918577,1.0000230781174424,1195,652,541,Consumer Discretionary
TDG,0.5126987366292236,0.5170601443528972,0.5168763139459911,1.0003556564732143,1195,652,541,Industrials
ANET,0.587342516491653,0.6426857264961436,0.6413199450080314,1.0021296413728333,1195,652,541,Information Technology
AJG,0.587342516491653,0.6426857264961436,0.6413199450080314,1.0021296413728333,1195,652,541,Financials
ALLE,1.0521745173180777,1.0895168766632324,1.0862206971290596,1.0030345394291278,1195,652,541,Industrials
ARE,1.0521745173180777,1.0895168766632324,1.0862206971290596,1.0030345394291278,1195,652,541,Real Estate
ALGN,1.0521745173180777,1.0895168766632324,1.0862206971290596,1.0030345394291278,1195,652,541,Health Care
CLX,0.7658607967128551,0.7913059196472915,0.7839363278828014,1.009400752972366,1195,652,541,Consumer Staples
CMS,0.7658607967128551,0.7913059196472915,0.7839363278828014,1.009400752972366,1195,652,541,Utilities
ED,1.1890921341146872,1.1712036698684247,1.1598084448982056,1.0098250922558332,1195,652,541,Utilities
CAG,1.1890921341146872,1.1712036698684247,1.1598084448982056,1.0098250922558332,1195,652,541,Consumer Staples
COP,1.1890921341146872,1.1712036698684247,1.1598084448982056,1.0098250922558332,1195,652,541,Energy
ORCL,0.7992127139165472,0.842683174911924,0.8323732848441354,1.0123861376326118,1195,652,541,Information Technology
ON,0.7992127139165472,0.842683174911924,0.8323732848441354,1.0123861376326118,1195,652,541,Information Technology
OTIS,0.7992127139165472,0.842683174911924,0.8323732848441354,1.0123861376326118,1195,652,541,Industrials
ZBRA,1.2253189128397244,1.3158469748751058,1.2993746375448452,1.012677127022723,1195,652,541,Information Technology
XYL,1.2253189128397244,1.3158469748751058,1.2993746375448452,1.012677127022723,1195,652,541,Industrials
AON,0.32616723543694537,0.3484138388286692,0.34360478444166476,1.0139958888954903,1195,652,541,Financials
APO,0.32616723543694537,0.3484138388286692,0.34360478444166476,1.0139958888954903,1195,652,541,Financials
AAPL,0.32616723543694537,0.3484138388286692,0.34360478444166476,1.0139958888954903,1195,652,541,Information Technology
MMC,0.9114246579676254,1.0293346980775646,1.015075053584085,1.0140478720692927,1195,652,541,Financials
MLM,0.9114246579676254,1.0293346980775646,1.015075053584085,1.0140478720692927,1195,652,541,Materials
MAS,0.9114246579676254,1.0293346980775646,1.015075053584085,1.0140478720692927,1195,652,541,Industrials
BX,0.7161002020544255,0.7531388378475532,0.7398871788546356,1.0179103779219847,1195,652,541,Financials
BIIB,0.7161002020544255,0.7531388378475532,0.7398871788546356,1.0179103779219847,1195,652,541,Health Care
BLK,0.7161002020544255,0.7531388378475532,0.7398871788546356,1.0179103779219847,1195,652,541,Financials
DGX,0.4219397969756298,0.4168390504603112,0.40622664223358884,1.0261243530664836,1195,652,541,Health Care
PWR,0.4219397969756298,0.4168390504603112,0.40622664223358884,1.0261243530664836,1195,652,541,Industrials
QCOM,0.4219397969756298,0.4168390504603112,0.40622664223358884,1.0261243530664836,1195,652,541,Information Technology
CVX,1.106686313759304,1.0868233203498794,1.0569544487673892,1.028259374486122,1195,652,541,Energy
COO,1.1872332331890776,1.259112072667536,1.2242941145032926,1.0284392106045281,932,502,428,Health Care
CEG,1.1872332331890776,1.259112072667536,1.2242941145032926,1.0284392106045281,932,502,428,Utilities
STZ,1.1872332331890776,1.259112072667536,1.2242941145032926,1.0284392106045281,932,502,428,Consumer Staples
MAR,0.6738165785194545,0.7150500086648177,0.6935427085019205,1.031010779724516,1195,652,541,Consumer Discretionary
MTB,0.6738165785194545,0.7150500086648177,0.6935427085019205,1.031010779724516,1195,652,541,Financials
MPC,0.6738165785194545,0.7150500086648177,0.6935427085019205,1.031010779724516,1195,652,541,Energy
ETN,0.8757068701355457,0.8649349869711602,0.836738854824726,1.0336976488946967,1195,652,541,Industrials
ECL,0.8757068701355457,0.8649349869711602,0.836738854824726,1.0336976488946967,1195,652,541,Materials
AVGO,2.2542486930517267,2.1978918906333336,2.112133105701864,1.0406029263496495,1195,652,541,Information Technology
XYZ,2.2542486930517267,2.1978918906333336,2.112133105701864,1.0406029263496495,1195,652,541,Financials
BMY,2.2542486930517267,2.1978918906333336,2.112133105701864,1.0406029263496495,1195,652,541,Health Care
HPE,0.6942828028025436,0.7884963831324961,0.7571984696664452,1.0413338308512932,1195,652,541,Information Technology
HSY,0.6942828028025436,0.7884963831324961,0.7571984696664452,1.0413338308512932,1195,652,541,Consumer Staples
HST,1.114771787953664,1.12670157872175,1.0811877600337172,1.0420961283233667,1195,652,541,Real Estate
HUM,1.114771787953664,1.12670157872175,1.0811877600337172,1.0420961283233667,1195,652,541,Health Care
TAP,0.6619281815133015,0.6845229772562773,0.6560168637668718,1.0434533242418835,1195,652,541,Consumer Staples
MPWR,0.6619281815133015,0.6845229772562773,0.6560168637668718,1.0434533242418835,1195,652,541,Information Technology
MNST,0.6619281815133015,0.6845229772562773,0.6560168637668718,1.0434533242418835,1195,652,541,Consumer Staples
XEL,0.6174556719454876,0.6885749518580282,0.6569424199395812,1.0481511483477597,1195,652,541,Utilities
CMG,1.0325456233169086,1.1338815903355968,1.0809577297930621,1.0489601573529304,1195,652,541,Consumer Discretionary
ZBH,1.5127235161074832,1.48273074272204,1.4129427573577271,1.0493919410400034,1195,652,541,Health Care
ZTS,1.5127235161074832,1.48273074272204,1.4129427573577271,1.0493919410400034,1195,652,541,Health Care
YUM,1.5127235161074832,1.48273074272204,1.4129427573577271,1.0493919410400034,1195,652,541,Consumer Discretionary
ADSK,0.6361380385100793,0.6921180071057783,0.6573597208244365,1.0528755948687414,1195,652,541,Information Technology
PNR,0.7176883689099861,0.8095287415572954,0.7686139846698545,1.0532318663249605,1195,652,541,Industrials
PAYC,0.7176883689099861,0.8095287415572954,0.7686139846698545,1.0532318663249605,1195,652,541,Industrials
PYPL,0.7176883689099861,0.8095287415572954,0.7686139846698545,1.0532318663249605,1195,652,541,Financials
TSCO,1.7939317953298763,1.7160577566357067,1.6163572944015117,1.0616821927797289,1195,652,541,Consumer Discretionary
FANG,0.8150590996729102,0.8613699287296863,0.8112847201641726,1.061735673457992,1195,652,541,Energy
DXCM,0.8150590996729102,0.8613699287296863,0.8112847201641726,1.061735673457992,1195,652,541,Health Care
ESS,1.020315814345474,1.0455797446056792,0.9824835680317503,1.06422110112267,1195,652,541,Real Estate
EL,1.020315814345474,1.0455797446056792,0.9824835680317503,1.06422110112267,1195,652,541,Consumer Staples
ERIE,1.020315814345474,1.0455797446056792,0.9824835680317503,1.06422110112267,1195,652,541,Financials
MET,1.585985258684662,1.655996841377712,1.553702736589483,1.0658389165309534,1195,652,541,Financials
J,1.294841229419995,1.3917539146287707,1.3036384073515406,1.0675919846947781,1195,652,541,Industrials
JKHY,1.294841229419995,1.3917539146287707,1.3036384073515406,1.0675919846947781,1195,652,541,Financials
JBL,1.294841229419995,1.3917539146287707,1.3036384073515406,1.0675919846947781,1195,652,541,Information Technology
UBER,1.4014022121620866,1.4296744315783276,1.3351115868584584,1.0708276713726808,1195,652,541,Industrials
ULTA,1.4014022121620866,1.4296744315783276,1.3351115868584584,1.0708276713726808,1195,652,541,Consumer Discretionary
UDR,1.4014022121620866,1.4296744315783276,1.3351115868584584,1.0708276713726808,1195,652,541,Real Estate
HON,0.842255089261612,0.8154386849906129,0.7611806117473274,1.071281470397326,1195,652,541,Industrials
CRM,0.8302726378209749,0.7775124790565722,0.7229373927715357,1.075490750417282,1195,652,541,Information Technology
SLB,0.8302726378209749,0.7775124790565722,0.7229373927715357,1.075490750417282,1195,652,541,Energy
WRB,0.8760922679194187,0.9491536437393602,0.882106593106808,1.0760078783635552,1195,652,541,Financials
VMC,0.8760922679194187,0.9491536437393602,0.882106593106808,1.0760078783635552,1195,652,541,Materials
GWW,0.8760922679194187,0.9491536437393602,0.882106593106808,1.0760078783635552,1195,652,541,Industrials
CHTR,1.1217570209258099,1.0828856047005622,1.003787437865075,1.0787997178005322,1195,652,541,Communication Services
SCHW,1.1217570209258099,1.0828856047005622,1.003787437865075,1.0787997178005322,1195,652,541,Financials
CRL,1.1217570209258099,1.0828856047005622,1.003787437865075,1.0787997178005322,1195,652,541,Health Care
KDP,1.2104374573240377,1.2133135187250297,1.1234345065457563,1.0800037845157757,1195,652,541,Consumer Staples
KEY,1.2104374573240377,1.2133135187250297,1.1234345065457563,1.0800037845157757,1195,652,541,Financials
KEYS,1.2104374573240377,1.2133135187250297,1.1234345065457563,1.0800037845157757,1195,652,541,Information Technology
LVS,0.4284937955168584,0.44195255114405996,0.4091989069478297,1.0800433325703047,1195,652,541,Consumer Discretionary
LEN,0.4284937955168584,0.44195255114405996,0.4091989069478297,1.0800433325703047,1195,652,541,Consumer Discretionary
LDOS,0.4284937955168584,0.44195255114405996,0.4091989069478297,1.0800433325703047,1195,652,541,Industrials
ABT,0.5582441501934273,0.6141452428733091,0.5664596917115927,1.0841817200048807,1195,652,541,Health Care
AOS,0.5582441501934273,0.6141452428733091,0.5664596917115927,1.0841817200048807,1195,652,541,Industrials
MMM,0.5582441501934273,0.6141452428733091,0.5664596917115927,1.0841817200048807,1195,652,541,Industrials
WFC,0.9255989628017811,0.9218559166709737,0.8501088371472743,1.0843975222801616,1195,652,541,Financials
WELL,0.9255989628017811,0.9218559166709737,0.8501088371472743,1.0843975222801616,1195,652,541,Real Estate
WEC,0.9255989628017811,0.9218559166709737,0.8501088371472743,1.0843975222801616,1195,652,541,Utilities
TTWO,1.4449395764314645,1.398228532312943,1.2891940971144173,1.0845756550100374,1195,652,541,Communication Services
TROW,1.4449395764314645,1.398228532312943,1.2891940971144173,1.0845756550100374,1195,652,541,Financials
STX,0.576015955609225,0.6633971112672787,0.6103549021128566,1.0869038799734494,1195,652,541,Information Technology
APD,1.9881598035962682,2.01637791361846,1.850391956747839,1.08970313357952,1195,652,541,Materials
A,1.9881598035962682,2.01637791361846,1.850391956747839,1.08970313357952,1195,652,541,Health Care
AES,1.9881598035962682,2.01637791361846,1.850391956747839,1.08970313357952,1195,652,541,Utilities
GEV,0.5640092790254316,0.631507770329336,0.5777914492327638,1.0929683559144063,1195,652,541,Industrials
GIS,0.5640092790254316,0.631507770329336,0.5777914492327638,1.0929683559144063,1195,652,541,Consumer Staples
GM,0.5640092790254316,0.631507770329336,0.5777914492327638,1.0929683559144063,1195,652,541,Consumer Discretionary
CTAS,0.4096135909818966,0.41127650057851406,0.376152769224256,1.0933762402618865,1195,652,541,Industrials
C,0.4096135909818966,0.41127650057851406,0.376152769224256,1.0933762402618865,1195,652,541,Financials
CINF,0.4096135909818966,0.41127650057851406,0.376152769224256,1.0933762402618865,1195,652,541,Financials
FFIV,0.8104010491628325,0.7956711192032853,0.7269371899221989,1.0945527759949145,1195,652,541,Information Technology
XOM,0.8104010491628325,0.7956711192032853,0.7269371899221989,1.0945527759949145,1195,652,541,Energy
PCAR,1.9616125627531482,2.005737480251719,1.8307485453545693,1.0955832713024272,1195,652,541,Industrials
FTNT,0.9597716787810963,1.0936482578901172,0.996768959746816,1.0971933337168815,1195,652,541,Information Technology
FTV,0.9597716787810963,1.0936482578901172,0.996768959746816,1.0971933337168815,1195,652,541,Industrials
FOXA,0.9597716787810963,1.0936482578901172,0.996768959746816,1.0971933337168815,1195,652,541,Communication Services
PCG,0.8203493652998978,0.8348834121307851,0.7584603616182279,1.100760770608372,1195,652,541,Utilities
PFE,0.8203493652998978,0.8348834121307851,0.7584603616182279,1.100760770608372,1195,652,541,Health Care
PEP,0.8203493652998978,0.8348834121307851,0.7584603616182279,1.100760770608372,1195,652,541,Consumer Staples
TJX,1.3631631771972825,1.4285683575550392,1.2967044864361434,1.1016915361196211,1195,652,541,Consumer Discretionary
TTD,1.3631631771972825,1.4285683575550392,1.2967044864361434,1.1016915361196211,1195,652,541,Communication Services
TKO,1.3631631771972825,1.4285683575550392,1.2967044864361434,1.1016915361196211,1195,652,541,Communication Services
VTR,1.1178983477360762,1.1252923994206219,1.0201558026092519,1.1030593528385195,1195,652,541,Real Estate
VLO,1.1178983477360762,1.1252923994206219,1.0201558026092519,1.1030593528385195,1195,652,541,Energy
VLTO,1.1178983477360762,1.1252923994206219,1.0201558026092519,1.1030593528385195,1195,652,541,Industrials
HWM,0.7886021748535146,0.851849639562109,0.7715755886223199,1.1040391273693895,1195,652,541,Industrials
HD,0.7886021748535146,0.851849639562109,0.7715755886223199,1.1040391273693895,1195,652,541,Consumer Discretionary
CNC,1.3204306740035394,1.4610502741788696,1.3206254823023,1.1063320326302968,1195,652,541,Health Care
COR,1.3204306740035394,1.4610502741788696,1.3206254823023,1.1063320326302968,1195,652,541,Health Care
CDW,1.3204306740035394,1.4610502741788696,1.3206254823023,1.1063320326302968,1195,652,541,Information Technology
WMB,0.9005626991799127,0.9072462194635929,0.8191675156693566,1.1075222126237092,1195,652,541,Energy
MA,0.874595404192173,0.870431098644408,0.7844262758542645,1.109640415469869,1195,652,541,Financials
MKC,0.874595404192173,0.870431098644408,0.7844262758542645,1.109640415469869,1195,652,541,Consumer Staples
MRNA,1.8122262244541818,1.9614001150615907,1.7629347686126666,1.1125766817822225,1195,652,541,Health Care
MCHP,1.8122262244541818,1.9614001150615907,1.7629347686126666,1.1125766817822225,1195,652,541,Information Technology
MAA,1.8122262244541818,1.9614001150615907,1.7629347686126666,1.1125766817822225,1195,652,541,Real Estate
ORLY,1.1119329276033971,1.1849010005212137,1.0636881324815681,1.1139552697244612,1195,652,541,Consumer Discretionary
NVR,1.1119329276033971,1.1849010005212137,1.0636881324815681,1.1139552697244612,1195,652,541,Consumer Discretionary
NXPI,1.1119329276033971,1.1849010005212137,1.0636881324815681,1.1139552697244612,1195,652,541,Information Technology
UNH,0.3905032964133398,0.48816877987193874,0.4378555062868269,1.1149083952644254,1195,652,541,Health Care
UHS,0.3905032964133398,0.48816877987193874,0.4378555062868269,1.1149083952644254,1195,652,541,Health Care
URI,0.3905032964133398,0.48816877987193874,0.4378555062868269,1.1149083952644254,1195,652,541,Industrials
INVH,0.8739673751835128,0.8696285609142141,0.7784741170808163,1.1170937373938854,1195,652,541,Real Estate
ISRG,0.8739673751835128,0.8696285609142141,0.7784741170808163,1.1170937373938854,1195,652,541,Health Care
IVZ,0.8739673751835128,0.8696285609142141,0.7784741170808163,1.1170937373938854,1195,652,541,Financials
EFX,1.0297496500536076,1.0439777743020602,0.9338498904455546,1.1179288930514966,1195,652,541,Industrials
EQIX,1.0297496500536076,1.0439777743020602,0.9338498904455546,1.1179288930514966,1195,652,541,Real Estate
EQT,1.0297496500536076,1.0439777743020602,0.9338498904455546,1.1179288930514966,1195,652,541,Energy
F,1.0620229000608863,1.0837068578723472,0.969024107003487,1.1183487077772438,1195,652,541,Consumer Discretionary
FSLR,1.0620229000608863,1.0837068578723472,0.969024107003487,1.1183487077772438,1195,652,541,Information Technology
FI,1.0620229000608863,1.0837068578723472,0.969024107003487,1.1183487077772438,1195,652,541,Financials
EXR,1.394997751661756,1.5250881046779245,1.3600896420806663,1.1213144027366044,1195,652,541,Real Estate
ABBV,0.8156806552477839,0.8968924208423517,0.7983045628833695,1.1234965482383015,1195,652,541,Health Care
ACN,0.8156806552477839,0.8968924208423517,0.7983045628833695,1.1234965482383015,1195,652,541,Information Technology
ADBE,0.8156806552477839,0.8968924208423517,0.7983045628833695,1.1234965482383015,1195,652,541,Information Technology
CVS,1.0537365403717658,1.1265092299596446,1.0007210369590038,1.1256975604139257,1195,652,541,Health Care
CMI,1.0537365403717658,1.1265092299596446,1.0007210369590038,1.1256975604139257,1195,652,541,Industrials
EA,1.1309685814672024,1.153245172764949,1.0232189905237792,1.127075614746566,1195,652,541,Communication Services
WDAY,1.2656800500219745,1.3773120529490932,1.2076912906237374,1.1404504310350303,1195,652,541,Information Technology
WYNN,1.2656800500219745,1.3773120529490932,1.2076912906237374,1.1404504310350303,1195,652,541,Consumer Discretionary
NI,0.9687117537226776,1.0212044920344534,0.8934239121403661,1.1430234608204797,1195,652,541,Utilities
FDX,0.7254510847907625,0.7942273881274773,0.6938981980879304,1.144587765634799,1195,652,541,Industrials
FRT,0.7254510847907625,0.7942273881274773,0.6938981980879304,1.144587765634799,1195,652,541,Real Estate
CME,0.8261470137862433,0.8667119061477644,0.7570151337426474,1.1449069741350892,1195,652,541,Financials
INTC,0.8503166185224142,0.9197779140241511,0.8030937653782392,1.1452933065555009,1195,652,541,Information Technology
PODD,0.8503166185224142,0.9197779140241511,0.8030937653782392,1.1452933065555009,1195,652,541,Health Care
KIM,1.247810844492698,1.2928443628620978,1.128390802121367,1.145741670732834,1195,652,541,Real Estate
KKR,1.247810844492698,1.2928443628620978,1.128390802121367,1.145741670732834,1195,652,541,Financials
KLAC,1.247810844492698,1.2928443628620978,1.128390802121367,1.145741670732834,1195,652,541,Information Technology
SBUX,0.6681885997952984,0.7548505488433137,0.6586291520966833,1.1460934373164606,1195,652,541,Consumer Discretionary
SWK,0.6681885997952984,0.7548505488433137,0.6586291520966833,1.1460934373164606,1195,652,541,Industrials
LUV,0.6681885997952984,0.7548505488433137,0.6586291520966833,1.1460934373164606,1195,652,541,Industrials
EG,1.1367641351214226,1.2607879101962223,1.0945421923278569,1.151886075323233,1195,652,541,Financials
CAH,1.4208410834387937,1.3923779808573515,1.205025769120427,1.1554756890167392,1195,652,541,Health Care
CPB,1.4208410834387937,1.3923779808573515,1.205025769120427,1.1554756890167392,1195,652,541,Consumer Staples
DOW,1.4208410834387937,1.3923779808573515,1.205025769120427,1.1554756890167392,1195,652,541,Materials
COF,1.4208410834387937,1.3923779808573515,1.205025769120427,1.1554756890167392,1195,652,541,Financials
BKNG,1.194853460795926,1.3074784856021386,1.1309002315323025,1.156139550728169,1195,652,541,Consumer Discretionary
BSX,1.194853460795926,1.3074784856021386,1.1309002315323025,1.156139550728169,1195,652,541,Health Care
SOLV,0.836266349354919,0.9706476060679199,0.8387642063573078,1.157235369262325,384,225,159,Health Care
IBM,0.402735015259346,0.4835177757459663,0.4168226048492108,1.1600085266989852,1195,652,541,Information Technology
KVUE,0.7149189612461063,0.7835676686963124,0.6745747416548163,1.1615727958834077,1195,652,541,Consumer Staples
K,0.7149189612461063,0.7835676686963124,0.6745747416548163,1.1615727958834077,1195,652,541,Consumer Staples
AXON,0.7740726209811284,0.8610590574320883,0.7395581304535682,1.1642885420027822,1195,652,541,Industrials
BKR,0.7740726209811284,0.8610590574320883,0.7395581304535682,1.1642885420027822,1195,652,541,Energy
AVB,0.7740726209811284,0.8610590574320883,0.7395581304535682,1.1642885420027822,1195,652,541,Real Estate
TYL,1.0001797601043363,0.993802546839054,0.8512429280899724,1.167472309072756,1195,652,541,Information Technology
TFC,1.0001797601043363,0.993802546839054,0.8512429280899724,1.167472309072756,1195,652,541,Financials
NOC,0.4809551598511383,0.545505844824194,0.46550813750105047,1.171850287628888,1195,652,541,Industrials
NCLH,0.4809551598511383,0.545505844824194,0.46550813750105047,1.171850287628888,1195,652,541,Consumer Discretionary
NRG,0.4809551598511383,0.545505844824194,0.46550813750105047,1.171850287628888,1195,652,541,Utilities
HPQ,0.1717332798425239,0.20176894507090087,0.17209533933140703,1.1724253884781322,1195,652,541,Information Technology
HUBB,0.1717332798425239,0.20176894507090087,0.17209533933140703,1.1724253884781322,1195,652,541,Industrials
EXC,0.4365677817116036,0.4815282054669314,0.4075454965279745,1.1815323922586363,1195,652,541,Utilities
ES,0.4365677817116036,0.4815282054669314,0.4075454965279745,1.1815323922586363,1195,652,541,Utilities
EVRG,0.4365677817116036,0.4815282054669314,0.4075454965279745,1.1815323922586363,1195,652,541,Utilities
NTRS,0.97284767654325,1.03161358193865,0.8711945909758537,1.1841368078090404,1195,652,541,Financials
NDSN,0.97284767654325,1.03161358193865,0.8711945909758537,1.1841368078090404,1195,652,541,Industrials
NSC,0.97284767654325,1.03161358193865,0.8711945909758537,1.1841368078090404,1195,652,541,Industrials
DOV,1.155739248445934,1.2420931959896342,1.0460461924285813,1.1874171570816534,1195,652,541,Industrials
DASH,1.155739248445934,1.2420931959896342,1.0460461924285813,1.1874171570816534,1195,652,541,Consumer Discretionary
LYV,0.8827844330382258,0.9280978198790718,0.7788312194878014,1.191654618685465,1195,652,541,Communication Services
AZO,1.3996489306972162,1.43242255250656,1.2014967835889523,1.1921984079123513,1195,652,541,Consumer Discretionary
AVY,1.3996489306972162,1.43242255250656,1.2014967835889523,1.1921984079123513,1195,652,541,Materials
SNA,0.8294477183335917,0.8093860425132476,0.678645326447955,1.1926495489913596,1195,652,541,Industrials
SO,0.8294477183335917,0.8093860425132476,0.678645326447955,1.1926495489913596,1195,652,541,Utilities
CTRA,0.9978743223127334,1.0361532716476562,0.8562956834482639,1.2100414514237816,1195,652,541,Energy
CSGP,0.9978743223127334,1.0361532716476562,0.8562956834482639,1.2100414514237816,1195,652,541,Real Estate
COST,0.9978743223127334,1.0361532716476562,0.8562956834482639,1.2100414514237816,1195,652,541,Consumer Staples
SPG,1.571053249425126,1.672097687869021,1.3638309264640698,1.2260300418646304,1195,652,541,Real Estate
SW,1.571053249425126,1.672097687869021,1.3638309264640698,1.2260300418646304,1195,652,541,Materials
SJM,1.571053249425126,1.672097687869021,1.3638309264640698,1.2260300418646304,1195,652,541,Consumer Staples
DLR,1.3919088014702217,1.6370308457015785,1.3242141760357382,1.236228153516911,1195,652,541,Real Estate
DVN,1.3919088014702217,1.6370308457015785,1.3242141760357382,1.236228153516911,1195,652,541,Energy
DG,1.3919088014702217,1.6370308457015785,1.3242141760357382,1.236228153516911,1195,652,541,Consumer Staples
OXY,1.2049140477030986,1.2781479495423131,1.0303997242426752,1.2404389475955346,1195,652,541,Energy
ODFL,1.2049140477030986,1.2781479495423131,1.0303997242426752,1.2404389475955346,1195,652,541,Industrials
GS,0.14019226735015738,0.22699931153530936,0.18244465039261842,1.2442091946615585,1195,652,541,Financials
GL,0.14019226735015738,0.22699931153530936,0.18244465039261842,1.2442091946615585,1195,652,541,Financials
GDDY,0.14019226735015738,0.22699931153530936,0.18244465039261842,1.2442091946615585,1195,652,541,Information Technology
DOC,0.7224756114696129,0.7977666674681928,0.6408270507838705,1.2449016727560909,1195,652,541,Real Estate
PFG,0.3675831358954649,0.45996552802667673,0.3601570905889131,1.2771247326397523,1195,652,541,Financials
PPG,0.3675831358954649,0.45996552802667673,0.3601570905889131,1.2771247326397523,1195,652,541,Materials
PPL,1.0533182014056632,1.0131184662970056,0.782348205586709,1.2949712916350773,1195,652,541,Utilities
PGR,1.0533182014056632,1.0131184662970056,0.782348205586709,1.2949712916350773,1195,652,541,Financials
PG,1.0533182014056632,1.0131184662970056,0.782348205586709,1.2949712916350773,1195,652,541,Consumer Staples
AME,0.709466593335495,0.8300543049971079,0.6400571882355617,1.2968439699666667,1195,652,541,Industrials
AMP,0.709466593335495,0.8300543049971079,0.6400571882355617,1.2968439699666667,1195,652,541,Financials
AWK,0.709466593335495,0.8300543049971079,0.6400571882355617,1.2968439699666667,1195,652,541,Utilities
TER,0.8175667024117395,0.8423412645283318,0.6395174293872375,1.3171513798074788,1195,652,541,Information Technology
TEL,0.8175667024117395,0.8423412645283318,0.6395174293872375,1.3171513798074788,1195,652,541,Information Technology
CPRT,0.8980776732404382,1.0595862709084354,0.803454289073681,1.3187884927841436,1195,652,541,Industrials
CTVA,0.8980776732404382,1.0595862709084354,0.803454289073681,1.3187884927841436,1195,652,541,Materials
GLW,0.8980776732404382,1.0595862709084354,0.803454289073681,1.3187884927841436,1195,652,541,Information Technology
HLT,0.529872417519812,0.6054539331968897,0.4576228309964899,1.3230413611106164,1195,652,541,Consumer Discretionary
HOLX,0.529872417519812,0.6054539331968897,0.4576228309964899,1.3230413611106164,1195,652,541,Health Care
FDS,0.8229619805563249,0.9430278134157667,0.7009207432867907,1.3454129050221515,1195,652,541,Financials
FIS,0.8229619805563249,0.9430278134157667,0.7009207432867907,1.3454129050221515,1195,652,541,Financials
RL,1.0011146007086982,1.1286023396680114,0.8361060436142738,1.3498315773312086,1195,652,541,Consumer Discretionary
ELV,0.5871612100521783,0.7655158808649645,0.557250032660371,1.3737386020603897,1195,652,541,Health Care
EIX,0.5871612100521783,0.7655158808649645,0.557250032660371,1.3737386020603897,1195,652,541,Utilities
EW,0.5871612100521783,0.7655158808649645,0.557250032660371,1.3737386020603897,1195,652,541,Health Care
MOS,1.2472614384449834,1.3387652975430744,0.9604886906089775,1.3938376480979269,1195,652,541,Materials
MCO,1.2472614384449834,1.3387652975430744,0.9604886906089775,1.3938376480979269,1195,652,541,Financials
EME,0.5189245049742656,0.5465752180235375,0.3883284359404011,1.407507582337914,1195,652,541,Industrials
EMR,0.5189245049742656,0.5465752180235375,0.3883284359404011,1.407507582337914,1195,652,541,Industrials
HII,0.9967634593130991,1.100508180304942,0.7684988912666296,1.432023120412183,1195,652,541,Industrials
MSI,0.45687175162570925,0.5687488726202041,0.36828680941474207,1.544309646940719,1195,652,541,Information Technology
MSCI,0.45687175162570925,0.5687488726202041,0.36828680941474207,1.544309646940719,1195,652,541,Financials
MS,0.45687175162570925,0.5687488726202041,0.36828680941474207,1.544309646940719,1195,652,541,Financials
BEN,0.1496722913735401,0.24612404779087138,0.15375930362020826,1.6007099537781975,1195,652,541,Financials
FCX,0.1496722913735401,0.24612404779087138,0.15375930362020826,1.6007099537781975,1195,652,541,Materials
FOX,0.1496722913735401,0.24612404779087138,0.15375930362020826,1.6007099537781975,1195,652,541,Communication Services
CAT,0.1496724496905641,0.24612424501449803,0.15375889950689603,1.6007154434885862,1195,652,541,Industrials
CARR,0.1496724496905641,0.24612424501449803,0.15375889950689603,1.6007154434885862,1195,652,541,Industrials
LYB,0.2552926118591302,0.3697746330950972,0.2290750269693497,1.6142075283683068,1195,652,541,Materials
LULU,0.2552926118591302,0.3697746330950972,0.2290750269693497,1.6142075283683068,1195,652,541,Consumer Discretionary
LOW,0.2552926118591302,0.3697746330950972,0.2290750269693497,1.6142075283683068,1195,652,541,Consumer Discretionary
